{"cameraMode":{"drawMode":0,"name":"Shaded","section":"Shading Mode"},"sceneLighting":true,"audioPlay":false,"sceneViewState":{"m_AlwaysRefresh":false,"showFog":true,"showSkybox":true,"showFlares":true,"showImageEffects":true,"showParticleSystems":true,"showVisualEffectGraphs":true,"m_FxEnabled":true},"in2DMode":false,"pivot":{"x":0.0689999982714653,"y":-0.008750000968575478,"z":-0.0009999996982514859},"rotation":{"x":0.057020965963602069,"y":0.16250057518482209,"z":-0.009406927973031998,"w":0.9850152134895325},"size":0.053172767162323,"orthographic":true}