{"cameraMode":{"drawMode":0,"name":"Shaded","section":"Shading Mode"},"sceneLighting":false,"audioPlay":false,"sceneViewState":{"showFog":true,"showMaterialUpdate":false,"showSkybox":false,"showFlares":true,"showImageEffects":true,"showParticleSystems":true},"in2DMode":false,"pivot":{"x":230.11891174316407,"y":250.1405029296875,"z":0.0},"rotation":{"x":-0.11697469651699066,"y":0.03336010128259659,"z":-0.0039315675385296349,"w":-0.9925676584243774},"size":9.776830673217774,"orthographic":false}