{"cameraMode":{"drawMode":0,"name":"Shaded","section":"Shading Mode"},"sceneLighting":false,"audioPlay":false,"sceneViewState":{"showFog":true,"showMaterialUpdate":false,"showSkybox":false,"showFlares":true,"showImageEffects":true,"showParticleSystems":true},"in2DMode":false,"pivot":{"x":-0.06722673773765564,"y":-0.15563765168190003,"z":0.14920014142990113},"rotation":{"x":-0.11697469651699066,"y":0.03336010128259659,"z":-0.0039315675385296349,"w":-0.9925676584243774},"size":0.5787532329559326,"orthographic":false}